"hash_id","response_count"
"01f9ed93019b8fb938b8575d5a6a6e19",2
"06d3072d93fc75ea32a19bfe29a6e3ff",6
"07afba00b8fd5c57898529c33a7de171",5
"0961728f88dc965cbb8dc507b1db0486",5
"0b2404b578b77360a47d032dff35d187",5
"0d1b57fb4af743669e4533ea524b9bc3",3
"0f3758c93874e764fc2a3810d76412ea",5
"19fc85fa33a55276017f141140af6290",5
"2186fd860a968607fbd1b33bd5ffbc69",2
"27f4668a0361277d8250029799587f07",6
"2953e5e87133f5a9d0402c611ec6523f",5
"296a7728df811f93969e18c43fc1f54c",3
"2b49e651947e0e07092fc3250d47b01c",4
"2f4966e037a7cd8ec196cda71108d2ba",4
"386231f923e6ceaa1a347b97895b39d2",5
"38d0ca46963e1407f692c82ff68a9324",6
"3ab9930600663c445d69ce90a7896ef2",5
"3bed73ad2ab1ea1b286a0ce64635c19a",4
"40dd2a03fb4b98f334946f6fec656214",5
"40f335b128e0fc3476d4429608cf257c",4
"43e219cc56be9917bc9480150ed515d5",1
"442fc86a5aefdaeabbaea6fb9aebad38",5
"467ae9fe05d0e559dd0aff100fd72d6a",5
"47131c03203bf4b9f5f145e6318be64d",4
"4a29867983ade6dd1b2b2906623caa5b",5
"4bc7f5a22151e3f0617ee30c3595d358",5
"4d3cbbce081d1040b28c38a6a24842aa",4
"4d56a052dd9ec2545fba57307a85f15b",5
"5012b3d9073da72ad6e4adf3216c2b62",4
"51bc70a8f0bc3ceef47efb8c541aecf5",5
"52a282701a15892730e7f826c74c0949",5
"5411b0bcb49f05550d4c934741480c17",5
"5e850c5b2164e8603dea6da18cfe6419",5
"602a3cf3e1f56a4b2a0dbb2d8dfcd803",4
"61e54b2e26b538082a063379d654c7a6",4
"665dbbf1effae66edb11c1576006c2b2",1
"67f05cd9c0c6e92fed6457613db459c1",2
"683a60cc0165f36fef330b711684c6ea",4
"69e2223dc51512c52c47a46341b7de46",1
"6a65a941606174037f462283a6d5c06e",5
"6ba5ec7485e6415cf8a4097ada167fb1",5
"6d1dcfc2d156a7456434b55a937e76b9",5
"74f291653c12510a6585971c8a46ae03",5
"7c28193f03a672189dda946626935b7f",5
"7f56650e38a07b0307aae53f55465586",5
"859a22cad8845488d5ba6b69f524bd4f",3
"86aedc940e1573ca89a0b18205d56559",5
"86cbaf4d9ca6e971623605fb12fe12e7",6
"886a1f7d4ddf80bb83ed8dcd5bf2d771",4
"8ac75bb8c8c00ac1d2fcdd84fb6c13d8",2
"8c3cdf43f295ed0a004b3087beaf95f4",3
"8e092ec9b89b7103c2359d4abc744d1a",5
"8f3e6c234621b584a8db2856547a1e72",5
"91f4c3e914abd8a08357dd818e47d187",5
"944adb58eba16be3107cc80dacfdf810",5
"99e6a9590b795ad906ba29aa21a727d9",3
"9a0dd5b58c1c3e6033e98ee97e708eff",5
"9c1caa92f197937d91525f8622c08781",3
"a0af765a42338ed0a2bddd7fc3cce3b2",5
"a515adcad907f25d005c2bc716b146e1",5
"ad5203c3dffa671aa1b432bbcae965c8",4
"af8223a08ac162a1586e95dc1052dd9b",5
"b398a589b9bcb79ee166643d2b7f1e81",2
"befad6e39f482a29a13ac3d84f1be8de",5
"cfb730a80571396d9c6be8bce6693322",5
"d4d4ba48568c64d774ea47c70eafd796",1
"d72586e0e68c8845ee5f5ccf4dcbbd67",1
"d9c244a50799c2ce2bce5a9bfe0c405b",5
"db39ff5105a7fccfd7d12c832ae3aa48",1
"dc061d80e7dd17510f6d829ef33db9e6",4
"ded98ef2ae3193a58dafaae10e84a4d5",5
"df2b62dc9e09186bc62be51f0236457c",5
"df5182b79b2175750d9c68461d79e197",3
"e084c1a6a1bf55da63003a87e0be9919",5
"e0f08d408d7d4bb088c980a9e857b3b4",5
"e6496cd5adb0e142b2e97579add3f94b",1
"e6ed7a83336b2025ab74d4031c3015d4",4
"e859586525ccf511c7729f821cfcb40f",3
"e94283a9999414873bbe32414e2ea914",5
"e9654dbbbfe347916631418f6892fabf",5
"eb3d24eeaafc9ed15391a6eab40384e4",5
"ebd6f1c3b996944dae36a1cb3d57d4f9",5
"ed05e399d513e9979361fc70084ae303",5
"eebb41618d019775c4a84d577c6f74ab",5
"f2789b303fa74b5dcc403c792abdaede",5
"f7b8ba00725f823769b18b9d3a8dcece",4
"fab0fd443492790d8040a1561d694f15",4
"fc18d8e695666557c2869e666275169c",5
"fd344cb6f8fd8312c70be8ada8e94b1c",5
